Project,Language,Identifier Type,Identifier Name,Length,MC
synthetic-bad,C#,class,sa3esae,7,1
synthetic-bad,Python,function,VpPLeOq,7,1
synthetic-bad,Python,class,rbaLusY,7,1
synthetic-bad,JavaScript,function,MRxORIppS,9,0.75
synthetic-bad,C#,class,OzFojND,7,1
synthetic-bad,JavaScript,variable,result2,7,0.85
synthetic-bad,Python,function,osai0ii,7,0.75
synthetic-bad,Python,variable,eHEsoULA,8,0.85
synthetic-bad,JavaScript,variable,ZYUCOmU,7,0.85
synthetic-bad,C#,variable,AnheIQedW,9,1
synthetic-bad,C#,variable,aae1155o,8,0.65
synthetic-bad,JavaScript,class,PIuLJipAlIgzhD,14,1
synthetic-bad,Java,class,oTlJeeI,7,0.9
synthetic-bad,C#,class,mTwUUDsPR,9,0.9
synthetic-bad,Java,class,gcEdeAFUgP,10,1
synthetic-bad,JavaScript,function,ZPAiIxmO,8,0.85
synthetic-bad,JavaScript,variable,OgpmaeE,7,0.85
synthetic-bad,C#,variable,YrCAEirRHn,10,0.85
synthetic-bad,Python,function,aoae33o,7,0.75
synthetic-bad,Python,function,XPOkDURn,8,0.85
synthetic-bad,C#,class,ruDpJIc,7,1
synthetic-bad,Java,variable,UjWehqUIALmeQ,13,0.85
synthetic-bad,JavaScript,variable,WoVIuItrUl,10,0.85
synthetic-bad,Python,function,tXElbECCpPu,11,0.85
synthetic-bad,Python,function,e5444iie,8,0.65
synthetic-bad,JavaScript,class,cbifSgKe,8,1
synthetic-bad,Python,variable,gAOiMAbaRQbidepm,16,0.75
synthetic-bad,Python,variable,jHKFUSTSUFG,11,0.75
synthetic-bad,Java,class,ee15sss,7,0.8
synthetic-bad,Java,class,RemTEDepXRG,11,1
synthetic-bad,C#,class,dzEDBINLi,9,1
synthetic-bad,JavaScript,class,FCEtneyVP,9,1
synthetic-bad,C#,function,hquaWOoMyrV,11,0.85
synthetic-bad,JavaScript,function,dQKwaTi,7,0.85
synthetic-bad,C#,class,bfSNIEtzqAfA,12,1
synthetic-bad,JavaScript,class,HYoCfao,7,1
synthetic-bad,Python,function,qSnteJagrsyavP,14,0.9
synthetic-bad,JavaScript,variable,s311sie,7,0.75
synthetic-bad,Python,function,hsEmdNPoPnf,11,0.85
synthetic-bad,Python,variable,ZRurdvEA,8,1
synthetic-bad,JavaScript,class,saoeos1e,8,1
synthetic-bad,Java,variable,i444iois,8,0.75
synthetic-bad,JavaScript,function,e4555aao,8,0.65
synthetic-bad,C#,class,qxPOBoA,7,1
synthetic-bad,JavaScript,variable,a3113is,7,0.75
synthetic-bad,JavaScript,class,uvYAdAGMP,9,1
synthetic-bad,Python,function,EhfiDAHAw,9,0.85
synthetic-bad,JavaScript,variable,s1ieaii,7,0.75
synthetic-bad,JavaScript,variable,bYidjeU,7,0.85
synthetic-bad,JavaScript,function,result1,7,1
synthetic-bad,JavaScript,function,so0304so,8,0.75
synthetic-bad,Python,variable,DeFXlumbCR,10,1
synthetic-bad,JavaScript,function,FJfYuILcERmCL,13,0.85
synthetic-bad,JavaScript,class,hEeaViedjjj,11,0.8
synthetic-bad,Java,function,elBAgzT,7,0.85
synthetic-bad,JavaScript,class,WdssEdHe,8,0.9
synthetic-bad,JavaScript,class,acUEnkEV,8,1
synthetic-bad,C#,class,okziwzN,7,1
synthetic-bad,Python,function,WxeRvAYMr,9,0.85
synthetic-bad,C#,function,XuBURArILUloMB,14,0.85
synthetic-bad,Java,function,qrwekLyFUh,10,0.85
synthetic-bad,Python,function,uDVkoryw,8,0.85
synthetic-bad,C#,variable,btKWANRhI,9,1
synthetic-bad,C#,function,lSyRabEOoNMFH,13,0.85
synthetic-bad,C#,variable,se34iisi,8,0.75
synthetic-bad,JavaScript,variable,ea534ais,8,0.85
synthetic-bad,Python,variable,usiOInmXuw,10,0.85
synthetic-bad,Python,variable,AraBGEmkFy,10,0.85
synthetic-bad,Python,class,yepBrItSwCUH,12,1
synthetic-bad,JavaScript,variable,stoWDiinZEnGYN,14,0.9
synthetic-bad,C#,function,enKORSA,7,1
synthetic-bad,Java,class,ioai15e,7,1
synthetic-bad,C#,variable,UJeELiOKnAS,11,0.85
synthetic-bad,JavaScript,class,hMUDosCdOSPq,12,1
synthetic-bad,C#,function,EbwjuXonEChSa,13,0.85
synthetic-bad,Java,class,e533011e,8,0.8
synthetic-bad,JavaScript,class,hEArKboQFesR,12,1
synthetic-bad,JavaScript,variable,wEiNfFIwupgAHaNK,16,0.85
synthetic-bad,C#,function,e04iasos,8,0.85
synthetic-bad,C#,class,e0334ioa,8,0.9
synthetic-bad,C#,variable,yorGbrOttmpAgH,14,0.9
synthetic-bad,C#,class,pSIGUVFU,8,0.9
synthetic-bad,C#,variable,ntotnegfkoOmSzeA,16,0.75
synthetic-bad,Python,function,AQaWYgs,7,0.85
synthetic-bad,Python,variable,LhEPLeIwToEg,12,0.85
synthetic-bad,C#,function,ouZGnUd,7,0.85
synthetic-bad,C#,variable,kuEcCiRd,8,0.85
synthetic-bad,C#,function,EJuDNGFATV,10,0.75
synthetic-bad,C#,variable,seiie4i,7,0.75
synthetic-bad,Java,function,StLIbREmXotr,12,0.85
synthetic-bad,C#,class,zZeHooVN,8,0.9
synthetic-bad,Python,variable,is45453a,8,0.85
synthetic-bad,Python,function,zMbaGonKR,9,0.85
synthetic-bad,Java,variable,uoohOyyiEx,10,0.8
synthetic-bad,Java,variable,TwamKHRiYsatINE,15,0.85
synthetic-bad,JavaScript,class,BAIiUASYg,9,1
synthetic-bad,JavaScript,variable,osiii3i,7,0.75
synthetic-bad,Java,class,fhEAUxSIfuo,11,1
synthetic-bad,Java,function,rUqIlieonwBEr,13,0.9
synthetic-bad,C#,class,s43433ei,8,0.9
synthetic-bad,JavaScript,variable,VTousIF,7,1
synthetic-bad,C#,class,s344aee,7,0.8
synthetic-bad,JavaScript,class,nOONVbm,7,0.9
synthetic-bad,JavaScript,variable,iaYSKAl,7,0.85
synthetic-bad,Python,variable,AUsYdiZk,8,0.85
synthetic-bad,JavaScript,variable,NjUKmmOTaRveDIrP,16,0.9
synthetic-bad,Python,variable,LAYsUVA,7,0.85
synthetic-bad,Python,function,MlYCIIXEsdM,11,0.75
synthetic-bad,C#,class,eYfIlLGOWORS,12,0.9
synthetic-bad,C#,class,lYJIpArpwuf,11,1
synthetic-bad,Python,variable,mOWaXtYreNAHYUiU,16,0.85
synthetic-bad,C#,variable,RgfEStUHOdQi,12,0.85
synthetic-bad,Python,function,utoaHGp,7,0.85
synthetic-bad,JavaScript,variable,nbeVeJeV,8,1
synthetic-bad,Java,class,YTuKEkbo,8,1
synthetic-bad,C#,function,ehZfeEexs,9,0.85
synthetic-bad,Java,class,azdGdiCeFAbWb,13,1
synthetic-bad,Java,class,ylOfArO,7,1
synthetic-bad,Python,class,i0140eae,8,1
synthetic-bad,Python,variable,DuSudRhE,8,0.85
synthetic-bad,JavaScript,function,rQydIRpExB,10,1
synthetic-bad,JavaScript,class,saii44s,7,0.8
synthetic-bad,JavaScript,function,e054eso,7,0.85
synthetic-bad,Java,function,CvkingjEnlGEyxWZ,16,0.75
synthetic-bad,C#,class,wcUkoBL,7,1
synthetic-bad,C#,function,nSTrAAg,7,0.85
synthetic-bad,C#,function,FspomoaFYv,10,0.75
synthetic-bad,JavaScript,variable,NDogBuMJjz,10,0.85
synthetic-bad,C#,function,saGEOSpOvvMOgd,14,0.75
synthetic-bad,Java,class,se555oaa,8,0.8
synthetic-bad,JavaScript,function,ZagMuFK,7,0.85
synthetic-bad,JavaScript,class,aa54seaa,8,0.8
synthetic-bad,Java,class,UFbrLIpx,8,1
synthetic-bad,Java,variable,naorIcUUC,9,0.9
synthetic-bad,Python,function,NVDESxfWaL,10,0.85
synthetic-bad,Python,class,RDrayXORYMIDUd,14,0.9
synthetic-bad,C#,variable,o003oie,7,0.75
synthetic-bad,C#,variable,OnLOAIDG,8,0.85
synthetic-bad,Python,variable,lUPHaesoq,9,1
synthetic-bad,JavaScript,class,i5044so,7,0.9
synthetic-bad,C#,variable,esise0ie,8,1
synthetic-bad,Java,variable,UzabtcoTa,9,0.75
synthetic-bad,Python,variable,QanaDVYat,9,0.85
synthetic-bad,Java,class,ei400ea,7,0.9
synthetic-bad,JavaScript,class,iGtOHYc,7,1
synthetic-bad,Java,function,eteedwAWHpTU,12,0.75
synthetic-bad,C#,variable,inKoBePNoA,10,0.85
synthetic-bad,JavaScript,class,zmEDeItO,8,1
synthetic-bad,C#,class,obekAKDq,8,1
synthetic-bad,JavaScript,function,oXiathQuDm,10,0.85
synthetic-bad,Java,variable,hUYAAWi,7,0.75
synthetic-bad,C#,function,o0050iie,8,0.65
synthetic-bad,JavaScript,function,fmJTioT,7,0.85
synthetic-bad,Java,class,seo0444,7,0.9
synthetic-bad,C#,class,yOULthuZN,9,1
synthetic-bad,C#,variable,kHUDorx,7,0.85
synthetic-bad,JavaScript,variable,LXewQalLAnnL,12,0.8
synthetic-bad,Python,variable,mVMALRirdpM,11,0.85
synthetic-bad,JavaScript,variable,EFpWXEwaChUsho,14,1
synthetic-bad,Python,variable,qxwINELdoFf,11,0.85
synthetic-bad,JavaScript,variable,ee13esis,8,0.75
synthetic-bad,Python,function,esi043o,7,0.85
synthetic-bad,Python,function,PABjUstu,8,0.85
synthetic-bad,Java,class,AVaetHeSIvrB,12,1
synthetic-bad,C#,function,tFIEbYm,7,0.85
synthetic-bad,Python,variable,iZqRudR,7,0.85
synthetic-bad,Python,class,ssiiia1s,8,0.9
synthetic-bad,Python,class,OvzRBAbAjDt,11,1
synthetic-bad,Java,variable,e5533es,7,0.75
synthetic-bad,Java,class,FOnaDLPa,8,1
synthetic-bad,Python,variable,UdDIzUV,7,0.85
synthetic-bad,JavaScript,function,aXWaIbSVERKAUXX,15,0.65
synthetic-bad,Python,variable,dBFAaFiCASaay,13,0.75
synthetic-bad,Python,function,uRzevmn,7,0.85
synthetic-bad,C#,variable,aaa3355,7,0.8
synthetic-bad,Python,class,OWaiMAwub,9,1
synthetic-bad,C#,class,axVeHwS,7,1
synthetic-bad,JavaScript,variable,i1osoisi,8,0.85
synthetic-bad,C#,function,plXxuQGREgEDut,14,0.85
synthetic-bad,Python,class,mydIewFO,8,1
synthetic-bad,Java,class,chUTrik,7,1
synthetic-bad,Java,function,aoaasa4i,8,0.75
synthetic-bad,C#,variable,tLdELKyO,8,0.85
synthetic-bad,Python,class,dMCitaCxc,9,1
synthetic-bad,Java,function,MBZFoUSB,8,0.85
synthetic-bad,C#,variable,AeSTUMp,7,0.85
synthetic-bad,JavaScript,function,WuRIeMfFa,9,0.85
synthetic-bad,JavaScript,function,kGoHACsA,8,0.85
synthetic-bad,Python,variable,ooea435o,8,0.75
synthetic-bad,Java,class,aa33040,7,0.8
synthetic-bad,C#,variable,kjrOsExRaNy,11,1
synthetic-bad,JavaScript,function,JavZenEI,8,0.85
synthetic-bad,JavaScript,variable,ANYPENknkIsGOX,14,1
synthetic-bad,Java,function,sRIOOKGSBa,10,0.65
synthetic-bad,Java,function,ie333os,7,0.75
synthetic-bad,C#,variable,rHSmAmjar,9,0.85
synthetic-bad,Java,variable,bctoUDpl,8,0.85
synthetic-bad,C#,class,so1iisai,8,0.9
synthetic-bad,Java,variable,eeos05s,7,0.9
synthetic-bad,Java,function,DutSasOnjY,10,0.85
synthetic-bad,Python,variable,QUsDrNid,8,1
synthetic-bad,Java,function,HLsILLiLtuA,11,0.85
synthetic-bad,C#,variable,MaILcJoYsnazuA,14,0.85
synthetic-bad,Java,function,wDIDNEU,7,0.85
synthetic-bad,JavaScript,class,OOECGoMIRKF,11,0.9
synthetic-bad,Python,class,LnEtpjiTQG,10,1
synthetic-bad,C#,function,bLEbMIjrsA,10,0.85
synthetic-bad,Java,function,kSAKNAIcsPV,11,0.85
synthetic-bad,Python,variable,HYIRtNNEeLL,11,0.65
synthetic-bad,JavaScript,function,zEyeamYjv,9,0.85
synthetic-bad,C#,variable,KKmdedOdPD,10,1
synthetic-bad,Python,function,JMenPTaRitzkEC,14,0.85
synthetic-bad,JavaScript,class,isi40ee,7,0.9
synthetic-bad,C#,class,MAnjoCSOM,9,1
synthetic-bad,C#,function,pOXRCTiLriF,11,0.85
synthetic-bad,Java,class,ZkyaUnCePCJJ,12,0.9
synthetic-bad,Python,function,GyaTFiArL,9,0.85
synthetic-bad,C#,function,sqOUcry,7,0.85
synthetic-bad,Python,function,qTHASMDeBs,10,1
synthetic-bad,JavaScript,function,eLsheQlmlEoPj,13,0.85
synthetic-bad,Java,function,pUNHOLyIKsp,11,0.85
synthetic-bad,Java,variable,apciexdO,8,0.75
synthetic-bad,Java,class,i43145i,7,0.9
synthetic-bad,Python,variable,lZeETVeNDL,10,1
synthetic-bad,Python,class,EFevSMmAEtoJ,12,1
synthetic-bad,Python,function,GGmeEBoAFcu,11,0.85
synthetic-bad,Java,class,kqaWaMs,7,1
synthetic-bad,Python,class,si41asi,7,1
synthetic-bad,Java,class,NDJVISIiQf,10,1
synthetic-bad,JavaScript,class,eoiei3s,7,1
synthetic-bad,C#,function,vncVuRePIaa,11,0.75
synthetic-bad,C#,function,GrirAcJLelongkuo,16,0.75
synthetic-bad,Java,function,NTxXuOH,7,0.85
synthetic-bad,Python,variable,NNYdOpwO,8,0.75
synthetic-bad,JavaScript,class,gSOpNESUQqm,11,1
synthetic-bad,Python,class,KycceElTs,9,0.9
synthetic-bad,Python,class,UJeyOtEtL,9,1
synthetic-bad,JavaScript,function,CTcruipeLw,10,0.75
synthetic-bad,JavaScript,function,kUxCsWIS,8,0.85
synthetic-bad,C#,variable,QMweDECtV,9,1
synthetic-bad,C#,function,YGCUIPRaumW,11,0.85
synthetic-bad,JavaScript,function,WuIePMt,7,0.85
synthetic-bad,Python,class,qnIVehCe,8,1
synthetic-bad,Python,function,os155es,7,0.75
synthetic-bad,JavaScript,class,NasAiRCkZ,9,1
synthetic-bad,Python,class,kuptgDe,7,1
synthetic-bad,Java,class,rLRDIGEciF,10,1
synthetic-bad,Java,variable,e544ieee,8,0.65
synthetic-bad,C#,variable,i14iieao,8,0.75
synthetic-bad,JavaScript,class,MdEsyguUEdn,11,1
synthetic-bad,C#,class,i450osoa,8,1
synthetic-bad,Python,class,aa0135e,7,0.9
synthetic-bad,JavaScript,function,JhIeRCEPTecMuO,14,0.85
synthetic-bad,Python,function,RuDolOotI,9,1
synthetic-bad,C#,class,eEkaCyaathHa,12,0.9
synthetic-bad,Java,class,BtnAfcOMpuF,11,1
synthetic-bad,Java,class,PyHansFiUwlO,12,1
synthetic-bad,Java,variable,CyPRoWmyiKZJ,12,0.85
synthetic-bad,Python,variable,AnusAkU,7,1
synthetic-bad,JavaScript,class,iaee55ie,8,0.8
synthetic-bad,Java,variable,a14010o,7,0.85
synthetic-bad,Java,variable,oapCGEKo,8,0.85
synthetic-bad,JavaScript,function,WegqNfeVeXE,11,0.85
synthetic-bad,Python,function,cECyDAOC,8,0.85
synthetic-bad,C#,function,e04303o,7,0.85
synthetic-bad,JavaScript,variable,luudiBK,7,0.75
synthetic-bad,Python,function,eapuGvR,7,0.85
synthetic-bad,C#,function,iesoei3s,8,0.85
synthetic-bad,C#,class,o05ieai,7,1
synthetic-bad,Java,class,OJAewcoIEelpS,13,1
synthetic-bad,JavaScript,function,IIANZdfAfxOr,12,0.75
synthetic-bad,C#,function,so003is,7,0.75
synthetic-bad,JavaScript,variable,o1easisa,8,0.85
synthetic-bad,Java,variable,oaeo54ss,8,0.75
synthetic-bad,Java,class,hIvwNDE,7,1
synthetic-bad,Java,function,es540iio,8,0.75
synthetic-bad,Python,class,MLaAgPRovMIvclI,15,0.9
synthetic-bad,C#,variable,RVcnoRIbff,10,0.8
synthetic-bad,JavaScript,function,ooa40as,7,0.75
synthetic-bad,JavaScript,function,NIaCPufG,8,0.85
synthetic-bad,C#,class,s110ieso,8,0.9
synthetic-bad,Java,function,PsiiOgsH,8,0.75
synthetic-bad,JavaScript,variable,PbtLOPSsoWoytQ,14,0.85
synthetic-bad,C#,function,dWbGObliDc,10,0.85
synthetic-bad,Python,function,MFOIyYe,7,0.85
synthetic-bad,Java,function,ie3551e,7,0.75
synthetic-bad,JavaScript,class,EELYiXckeR,10,0.9
synthetic-bad,Python,variable,dgoAYff,7,0.9
synthetic-bad,Java,function,esii11i,7,0.65
synthetic-bad,Java,class,VHhAcozv,8,1
synthetic-bad,Python,variable,OpsEHot,7,0.85
synthetic-bad,Java,function,o35isas,7,0.85
synthetic-bad,Python,class,ZoRmHwUtbAC,11,1
synthetic-bad,JavaScript,function,DQpDiav,7,1
synthetic-bad,C#,variable,oos11oo,7,0.7
synthetic-bad,Java,variable,esssdEU,7,0.9
synthetic-bad,JavaScript,function,JijogsZ,7,0.85
synthetic-bad,Python,function,JNZbaENiORymL,13,0.85
synthetic-bad,C#,variable,tevfascTaSKMEWSS,16,0.55
synthetic-bad,Java,function,ess531as,8,0.75
synthetic-bad,JavaScript,variable,esao41a,7,0.85
synthetic-bad,Python,class,ZmgOybE,7,1
synthetic-bad,Java,class,lSTCoIE,7,1
synthetic-bad,Python,class,MHIEEBo,7,0.9
synthetic-bad,Java,class,nNPobmaE,8,1
synthetic-bad,JavaScript,function,TSfAOyNmB,9,0.85
synthetic-bad,Python,class,qSIdomgm,8,1
synthetic-bad,JavaScript,variable,KPwUpus,7,1
synthetic-bad,Python,class,UoyahFm,7,1
synthetic-bad,C#,class,KUnMxGeunp,10,1
synthetic-bad,Java,class,QPuppNUmGEUpj,13,0.9
synthetic-bad,Java,variable,XENCHMadeE,10,0.85
synthetic-bad,Python,variable,njiEYSsIW,9,0.85
synthetic-bad,JavaScript,class,KKDilEaEX,9,0.9
synthetic-bad,C#,class,aase403a,8,0.9
synthetic-bad,C#,variable,o3oseoao,8,0.85
synthetic-bad,JavaScript,variable,sai505a,7,0.85
synthetic-bad,Java,class,jWcHEOix,8,1
synthetic-bad,Python,variable,youAtZRU,8,0.85
synthetic-bad,JavaScript,variable,zirehBVp,8,0.85
synthetic-bad,C#,function,lCQofIg,7,0.85
synthetic-bad,Python,function,fZMEEova,8,0.85
synthetic-bad,C#,variable,meNGiQIrh,9,0.85
synthetic-bad,JavaScript,function,mUKdrowsB,9,1
synthetic-bad,Python,function,wlrehiaFgzEeEmEh,16,0.75
synthetic-bad,Java,function,oLIiill,7,0.75
synthetic-bad,Java,class,NlPaIMGnZ,9,1
synthetic-bad,Java,variable,IHiMoNWN,8,0.85
synthetic-bad,Python,variable,MTINAfaWZaYK,12,0.85
synthetic-bad,Java,function,ie011501,8,0.75
synthetic-bad,Python,function,oUhfSiL,7,0.85
synthetic-bad,Java,function,svjofEcOh,9,0.85
synthetic-bad,Python,function,yCcuIOpUPaol,12,0.85
synthetic-bad,Java,variable,TOnHGsI,7,1
synthetic-bad,JavaScript,variable,JbIReqToH,9,0.85
synthetic-bad,JavaScript,variable,s403ois,7,0.85
synthetic-bad,JavaScript,function,cKApkarSKIaiDK,14,0.85
synthetic-bad,C#,variable,AlHIfHU,7,0.85
synthetic-bad,Java,function,eaa5303i,8,0.75
synthetic-bad,C#,class,o53543i,7,1
synthetic-bad,C#,function,oaass04e,8,0.75
synthetic-bad,JavaScript,class,GtIgrAeCd,9,1
synthetic-bad,JavaScript,function,uEqjWParyRa,11,0.85
synthetic-bad,Java,function,see00is,7,0.8
synthetic-bad,JavaScript,variable,mzcfOUs,7,1
synthetic-bad,Python,class,ooziCkyB,8,0.9
synthetic-bad,Python,class,tEdoEusH,8,1
synthetic-bad,C#,class,rQPEeOPGLaU,11,1
synthetic-bad,Python,class,e305sea,7,1
synthetic-bad,Java,variable,wRgaUUfFsLUGz,13,0.85
synthetic-bad,JavaScript,variable,eIVITzu,7,0.85
synthetic-bad,Python,class,ENsMUNm,7,1
synthetic-bad,Python,class,nLakDkRE,8,1
synthetic-bad,JavaScript,class,eeoea43s,8,0.9
synthetic-bad,Python,function,hfABfiBilVw,11,1
synthetic-bad,C#,class,uZCAnhR,7,1
synthetic-bad,JavaScript,function,HOEoRUfO,8,0.85
synthetic-bad,JavaScript,function,bYFBasjenu,10,0.75
synthetic-bad,Java,variable,aOZaRlBM,8,0.85
synthetic-bad,Java,class,DaVPOvuC,8,1
synthetic-bad,Java,variable,xuLoSKmaYI,10,0.85
synthetic-bad,Java,variable,CWmuhNfULSFJ,12,1
synthetic-bad,JavaScript,function,a30014i,7,0.75
synthetic-bad,C#,class,TWftOBYAVIlobOCe,16,1
synthetic-bad,Python,variable,GVIaHOmpk,9,1
synthetic-bad,JavaScript,class,KCeXMOTw,8,1
synthetic-bad,C#,function,i5010os,7,0.85
synthetic-bad,JavaScript,class,roGELMipZB,10,1
synthetic-bad,JavaScript,function,VeteDniNy,9,0.85
synthetic-bad,C#,function,so0aoesi,8,0.85
synthetic-bad,C#,function,COGiGChtIDRiNcX,15,0.85
synthetic-bad,Java,class,mqNROtDBeRKLvaI,15,1
synthetic-bad,C#,class,ase331ai,8,0.9
synthetic-bad,Python,class,BBlOodGe,8,1
synthetic-bad,Java,function,LquQOnFrI,9,0.85
synthetic-bad,Python,class,iDdoMLiAyIrojGvs,16,1
synthetic-bad,C#,function,aoas55a,7,0.75
synthetic-bad,Java,variable,seais05a,8,0.85
synthetic-bad,Java,function,PiECriobG,9,0.85
synthetic-bad,Python,class,bLizEQqB,8,1
synthetic-bad,Python,variable,oRTlOro,7,0.85
synthetic-bad,C#,variable,YtAUbkV,7,0.85
synthetic-bad,Java,function,FTshUavzhce,11,0.75
synthetic-bad,Python,function,nqFETSCouIIOvn,14,0.75
synthetic-bad,Python,variable,pKNEgsUesmtjAK,14,0.85
synthetic-bad,JavaScript,function,jMeFubQ,7,0.85
synthetic-bad,Python,class,IiATEpRSC,9,1
synthetic-bad,C#,variable,tlSOAVPoGADvV,13,0.85
synthetic-bad,JavaScript,variable,sa1seee,7,0.75
synthetic-bad,Python,variable,RuVmBba,7,0.85
synthetic-bad,Python,function,SeQDEnaOfE,10,0.85
synthetic-bad,Python,class,os53aaa,7,0.9
synthetic-bad,C#,class,i03005e,7,0.9
synthetic-bad,JavaScript,variable,YMEFODDutiUQz,13,0.85
synthetic-bad,Python,class,o0asoaa,7,0.9
synthetic-bad,JavaScript,function,YGIgiEIaV,9,0.85
synthetic-bad,JavaScript,function,PeOhareFNOkNjx,14,1
synthetic-bad,Java,function,mCegPax,7,1
synthetic-bad,Java,variable,gzpJieRgOHI,11,1
synthetic-bad,Java,variable,MTyALfcUlVIIW,13,0.75
synthetic-bad,JavaScript,variable,SQoyUNI,7,1
synthetic-bad,C#,function,sHoVuRrIXcoaUQ,14,0.85
synthetic-bad,Java,function,MXWFaFANT,9,0.85
synthetic-bad,C#,class,e3434ea,7,1
synthetic-bad,Python,class,xEIoEpW,7,1
synthetic-bad,C#,class,PAWAAOhQ,8,0.9
synthetic-bad,Java,class,MRaAwOyO,8,1
synthetic-bad,C#,variable,XnarpBugmDC,11,1
synthetic-bad,Python,class,gEZBeoC,7,1
synthetic-bad,JavaScript,function,mqIPHoys,8,1
synthetic-bad,Java,class,eaa55ee,7,0.7
synthetic-bad,C#,class,uVCCHElh,8,0.9
synthetic-bad,JavaScript,class,GmMUmAaVwIlTPI,14,1
synthetic-bad,Java,variable,AkCeAEIdoUa,11,0.85
synthetic-bad,JavaScript,function,o100430a,8,0.75
synthetic-bad,JavaScript,class,mibBoNgOVoj,11,1
synthetic-bad,Python,variable,fKOJATlLPakE,12,0.85
synthetic-bad,JavaScript,class,sai14aa,7,0.9
synthetic-bad,Python,class,FazdiQrTeSKemYPC,16,1
synthetic-bad,JavaScript,variable,dOnexUTLhIHV,12,0.85
synthetic-bad,JavaScript,function,bBagWLiFYtueMTE,15,0.85
synthetic-bad,C#,class,se514ia,7,1
synthetic-bad,Python,function,cFdLOcoLgN,10,0.85
synthetic-bad,Java,function,oe5soise,8,0.85
synthetic-bad,C#,class,dCaudOOWn,9,0.9
synthetic-bad,Python,class,LAMhaZIqQuIDOnA,15,1
synthetic-bad,Java,variable,HluNuRC,7,1
synthetic-bad,C#,variable,qqCtAxeG,8,0.75
synthetic-bad,Java,class,ebPDnOUGL,9,1
synthetic-bad,Python,function,esa040se,8,0.85
synthetic-bad,Python,class,tEnZEvOkgoT,11,1
synthetic-bad,Python,variable,e3044oai,8,0.75
synthetic-bad,C#,function,uUnEScWOORPzb,13,0.75
synthetic-bad,C#,function,dOvzHAr,7,0.85
synthetic-bad,Python,class,xlPleDoUga,10,1
synthetic-bad,C#,variable,oo150oss,8,0.65
synthetic-bad,Python,variable,PDOIdngfEqMaf,13,0.85
synthetic-bad,Java,class,saoi05i,7,1
synthetic-bad,C#,class,cGbbuSgtE,9,0.9
synthetic-bad,Python,variable,HYPhuCKmogh,11,1
synthetic-bad,Python,variable,ie450001,8,0.75
synthetic-bad,C#,function,NOfMFus,7,0.85
synthetic-bad,JavaScript,class,iusmqMumSC,10,1
synthetic-bad,JavaScript,variable,ReBAALy,7,0.75
synthetic-bad,C#,variable,QNoCtUXuPk,10,1
synthetic-bad,Java,class,aisi15ea,8,1
synthetic-bad,C#,class,tFaieXZ,7,1
synthetic-bad,Java,class,PobckPAnij,10,1
synthetic-bad,C#,function,KjESUbQZI,9,0.85
synthetic-bad,JavaScript,variable,a11010ia,8,0.75
synthetic-bad,JavaScript,variable,sa3saeo,7,0.85
synthetic-bad,C#,variable,QtUmeSUzXA,10,0.85
synthetic-bad,JavaScript,class,vzhVoIe,7,1
synthetic-bad,Java,variable,NTFaioqOMMu,11,0.85
synthetic-bad,Python,class,SUhNsjOYnmb,11,1
synthetic-bad,C#,function,es5145oi,8,0.85
synthetic-bad,Python,variable,o145aisi,8,0.85
synthetic-bad,JavaScript,variable,EaEnmVJ,7,1
synthetic-bad,Java,variable,tobYAOleWL,10,1
synthetic-bad,C#,class,emIDzPerd,9,1
synthetic-bad,Python,class,oECajVm,7,1
synthetic-bad,JavaScript,function,oHIpbmitRYkO,12,0.85
synthetic-bad,JavaScript,function,lxQNOcE,7,0.85
synthetic-bad,Python,function,sRIonVHIk,9,0.85
synthetic-bad,Java,variable,oe040oea,8,0.85
synthetic-bad,C#,class,sfOFVVepat,10,1
synthetic-bad,Python,class,odROBSzue,9,1
synthetic-bad,JavaScript,class,NAMjeJb,7,1
synthetic-bad,Python,class,sose1so,7,1
synthetic-bad,Python,variable,i313sii,7,0.75
synthetic-bad,JavaScript,function,cIlciGZLEJbUiNAF,16,0.85
synthetic-bad,C#,variable,MpRABfeRfTinVfF,15,0.85
synthetic-bad,Python,class,hiIIXNELUJY,11,0.8
synthetic-bad,JavaScript,function,qihoYdQ,7,0.85
synthetic-bad,C#,class,GGCEucKM,8,0.9
synthetic-bad,JavaScript,function,tizwclETBit,11,0.85
synthetic-bad,Java,function,eWAVQHK,7,0.85
synthetic-bad,C#,variable,TLaoBSsTU,9,1
synthetic-bad,C#,function,ssass1a,7,0.75
synthetic-bad,Java,function,iLbaIriJ,8,0.85
synthetic-bad,Java,variable,ia001eos,8,0.75
synthetic-bad,Python,function,SNUfuHa,7,0.85
synthetic-bad,Java,variable,as3eaaae,8,0.75
synthetic-bad,JavaScript,class,mVwEypI,7,1
synthetic-bad,JavaScript,variable,o0oioas,7,0.85
synthetic-bad,Python,function,HKlMUeQqt,9,0.85
synthetic-bad,C#,function,VaMcusiwSX,10,0.85
synthetic-bad,C#,class,TyAKhZu,7,1
synthetic-bad,JavaScript,class,i3101es,7,1
synthetic-bad,Python,function,SbtFubO,7,0.85
synthetic-bad,Java,function,QtMieglZ,8,0.85
synthetic-bad,C#,class,aDBIDdC,7,1
synthetic-bad,Java,function,oDSOrkNuDcoBnB,14,0.85
synthetic-bad,JavaScript,variable,eo10413i,8,0.85
synthetic-bad,Java,variable,fsfOkKE,7,0.85
synthetic-bad,Python,class,AwTEtuyN,8,1
synthetic-bad,Python,variable,iEHfAIpC,8,0.85
synthetic-bad,JavaScript,class,cEyThabxeO,10,1
synthetic-bad,Java,variable,LTioRuE,7,1
synthetic-bad,C#,variable,aa43535,7,0.75
synthetic-bad,C#,function,i4403aoa,8,0.75
synthetic-bad,C#,function,QardozgaO,9,0.75
synthetic-bad,JavaScript,class,aiaiso3o,8,1
synthetic-bad,Java,function,aaXARKEnyr,10,0.75
synthetic-bad,Python,variable,tLcPIeUt,8,0.85
synthetic-bad,C#,function,dEmAummA,8,0.75
synthetic-bad,C#,class,a154aos,7,1
synthetic-bad,JavaScript,variable,VICPOeCCD,9,0.9
synthetic-bad,Java,variable,QnfIeLf,7,0.85
synthetic-bad,C#,function,ai130io,7,1
synthetic-bad,JavaScript,function,oo011iae,8,0.8
synthetic-bad,C#,class,gYEDNUUn,8,1
synthetic-bad,Java,variable,JdSUEzpZoF,10,0.85
synthetic-bad,Java,function,EnbApRImnX,10,0.85
synthetic-bad,JavaScript,variable,eoo544s,7,0.65
synthetic-bad,Python,variable,boETZlu,7,0.85
synthetic-bad,C#,class,ALaNwNUC,8,1
synthetic-bad,C#,function,EUGnpaDDhNIN,12,0.85
synthetic-bad,JavaScript,class,uPUnxtbaTri,11,1
synthetic-bad,C#,class,MlruaaSreJEGi,13,0.9
synthetic-bad,Python,function,yMZeeljFoRhEl,13,0.75
synthetic-bad,C#,variable,TqQeEaRPoCi,11,0.85
synthetic-bad,Java,function,upIInhoETR,10,0.85
synthetic-bad,JavaScript,function,owAfEuFROut,11,0.85
synthetic-bad,Python,variable,saaii1e,7,0.9
synthetic-bad,JavaScript,variable,FKeallctOtpVin,14,0.8
synthetic-bad,Java,function,ndOOigmz,8,0.85
synthetic-bad,Java,class,aiae15e,7,1
synthetic-bad,Python,class,xdOrstuF,8,1
synthetic-bad,JavaScript,class,NaTuyFIIO,9,0.9
synthetic-bad,JavaScript,variable,QcbaQuS,7,0.85
synthetic-bad,JavaScript,function,vzAUtsXT,8,0.85
synthetic-bad,JavaScript,variable,mezdOAwH,8,0.85
synthetic-bad,JavaScript,class,XleRBuxd,8,1
synthetic-bad,C#,class,oltZOao,7,1
synthetic-bad,C#,variable,LJEAMefzW,9,0.85
synthetic-bad,JavaScript,variable,sea35eo,7,1
synthetic-bad,JavaScript,class,oas5soa,7,1
synthetic-bad,C#,variable,WiKerOcINeDA,12,1
synthetic-bad,C#,class,ORnEvLm,7,1
synthetic-bad,C#,function,o54eesaa,8,0.75
synthetic-bad,C#,function,AoZOPliFe,9,0.85
synthetic-bad,Python,class,isoe405s,8,1
synthetic-bad,JavaScript,function,VEctKKEqN,9,0.75
synthetic-bad,C#,class,teeLtBOK,8,0.9
synthetic-bad,Java,function,zTuliBthu,9,0.85
synthetic-bad,C#,variable,lsPotMoVD,9,0.85
synthetic-bad,JavaScript,variable,qAXXKeGSUCS,11,0.75
synthetic-bad,JavaScript,function,ai14oos,7,0.9
synthetic-bad,Python,variable,jsLeXPvQE,9,0.85
synthetic-bad,JavaScript,function,eQkIgpef,8,0.85
synthetic-bad,C#,function,DMcEDfxERX,10,1
synthetic-bad,JavaScript,class,hgioBSNvOnUsL,13,1
synthetic-bad,C#,class,TyOtkfU,7,1
synthetic-bad,JavaScript,class,eFtiuCTDUn,10,1
synthetic-bad,Java,variable,UUxCApu,7,0.85
synthetic-bad,C#,function,gATJmKI,7,0.85
synthetic-bad,Java,class,UMEDGaDygseFkzk,15,1
synthetic-bad,Python,class,TNOnReKs,8,1
synthetic-bad,C#,function,VuRCTisMR,9,1
synthetic-bad,Java,function,soiasi0a,8,0.85
synthetic-bad,JavaScript,function,sa443as,7,0.75
synthetic-bad,C#,variable,JHWjEMSe,8,0.85
synthetic-bad,JavaScript,variable,NvOcLLED,8,0.9
synthetic-bad,Java,variable,CydIFBVaWO,10,1
synthetic-bad,Java,class,ElYSowKH,8,1
synthetic-bad,Python,variable,OAuTpteq,8,0.85
synthetic-bad,C#,class,UHReskrs,8,1
synthetic-bad,JavaScript,class,oGOmfmiZ,8,1
synthetic-bad,C#,function,ssoeo0o,7,0.75
synthetic-bad,JavaScript,function,fUhUrEM,7,0.85
synthetic-bad,Python,function,ss0oios,7,0.75
synthetic-bad,C#,function,KKepMIORGu,10,0.85
synthetic-bad,JavaScript,class,i51oees,7,0.9
synthetic-bad,Java,variable,lOTIEWKBh,9,1
synthetic-bad,Java,variable,lYgcerCevPK,11,1
synthetic-bad,JavaScript,variable,JELroRud,8,0.85
synthetic-bad,Python,function,CeHpbRANovpz,12,1
synthetic-bad,JavaScript,variable,oao343i,7,0.85
synthetic-bad,Python,function,BUnYkEICHS,10,0.85
synthetic-bad,C#,class,OfSKheIrZD,10,1
synthetic-bad,C#,function,lPIiGATWOEu,11,0.85
synthetic-bad,C#,variable,ogIceOmo,8,0.85
synthetic-bad,Java,function,fPtOaNTHesIE,12,0.85
synthetic-bad,Python,class,o4aasooi,8,0.9
synthetic-bad,Java,class,ee5sesos,8,0.9
synthetic-bad,JavaScript,class,RsPInvAjoGvhv,13,1
synthetic-bad,JavaScript,function,dHBOloRlDXIN,12,0.85
synthetic-bad,JavaScript,class,rjByiDSLuF,10,1
synthetic-bad,Python,function,eeoo33so,8,0.65
synthetic-bad,JavaScript,variable,inQBmum,7,0.85
synthetic-bad,Java,function,si51oaa,7,0.75
synthetic-bad,JavaScript,variable,e14ooao,7,0.75
synthetic-bad,C#,function,osses3s,7,0.75
synthetic-bad,C#,class,s31saos,7,1
synthetic-bad,Python,variable,hrEOOjZU,8,0.85
synthetic-bad,Python,variable,oxVAkboy,8,1
synthetic-bad,Java,class,UrCATHqD,8,1
synthetic-bad,JavaScript,class,LESUqkvl,8,1
synthetic-bad,JavaScript,function,dnTPuUkP,8,1
synthetic-bad,Python,variable,nnluloKTdlIcDeDF,16,0.9
synthetic-bad,Java,class,aooa43e,7,0.9
synthetic-bad,Java,variable,aesa15a,7,0.85
synthetic-bad,C#,function,HUgizkk,7,0.75
synthetic-bad,Java,class,qHEVALnELTYL,12,1
synthetic-bad,Python,function,laOTTrpEtALD,12,0.85
synthetic-bad,Python,class,HmTiaTDoDXS,11,1
synthetic-bad,Python,function,difgAsRIaREGej,14,0.85
synthetic-bad,Python,variable,aaa1304o,8,0.9
synthetic-bad,C#,variable,LecLjUH,7,0.85
synthetic-bad,Java,variable,hsUOSJA,7,0.85
synthetic-bad,Java,class,oooe40a,7,0.9
synthetic-bad,C#,class,TmUerUFXX,9,0.9
synthetic-bad,C#,class,KlenaTMEImeyylK,15,0.9
synthetic-bad,JavaScript,variable,EuVdmISTOPOSIh,14,0.75
synthetic-bad,JavaScript,function,rnrIbuiG,8,0.85
synthetic-bad,Python,class,urXaMpX,7,1
synthetic-bad,Java,function,i500oea,7,0.75
synthetic-bad,Java,class,uRyEAGIWf,9,1
synthetic-bad,C#,class,meCOuBaEgbYsib,14,1
synthetic-bad,C#,variable,aumiBSub,8,0.85
synthetic-bad,Java,function,eeso343a,8,0.75
synthetic-bad,Python,function,uSatYeAywOW,11,0.85
synthetic-bad,Python,function,aosi4is,7,0.85
synthetic-bad,C#,class,ea15sis,7,1
synthetic-bad,Python,class,mosBidC,7,1
synthetic-bad,Java,class,UHDFfABO,8,1
synthetic-bad,C#,function,TSNWInkkEquLi,13,0.75
synthetic-bad,JavaScript,function,isi335e,7,0.75
synthetic-bad,JavaScript,function,iesia1o,7,0.85
synthetic-bad,Python,function,iaiei4ss,8,0.75
synthetic-bad,JavaScript,function,KqDEeuV,7,1
synthetic-bad,C#,class,JRloaSSedxgW,12,1
synthetic-bad,Java,function,hmTajIAsC,9,0.85
synthetic-bad,C#,function,aao43ai,7,0.75
synthetic-bad,Python,class,zuzDRAiTEvYATEvR,16,0.9
synthetic-bad,Python,function,WbVisoMaRF,10,0.85
synthetic-bad,C#,function,aea03eos,8,0.85
synthetic-bad,Python,function,PNISIrAjI,9,0.85
synthetic-bad,Java,variable,DpIdabNgHOO,11,0.9
synthetic-bad,JavaScript,function,uSAlYMEaBEd,11,0.85
synthetic-bad,JavaScript,function,xViFkEadUCkRu,13,0.85
synthetic-bad,Java,class,OAXdTroyyG,10,0.9
synthetic-bad,JavaScript,variable,QBfiALBSICW,11,0.9
synthetic-bad,Python,variable,yiKrMWIt,8,1
synthetic-bad,Java,variable,xcHOEoj,7,0.85
synthetic-bad,JavaScript,function,ie30311,7,0.75
synthetic-bad,Python,function,TeOuETZ,7,0.85
synthetic-bad,Python,variable,oi11005o,8,0.75
synthetic-bad,Java,variable,PNUfastLIIg,11,0.85
synthetic-bad,JavaScript,function,IsEnflY,7,0.85
synthetic-bad,JavaScript,class,jgauIEENgRG,11,0.9
synthetic-bad,Python,variable,ZvOeOEF,7,1
synthetic-bad,Java,variable,eMApDbJoC,9,0.85
synthetic-bad,Python,function,oMKMeTAbrzC,11,0.85
synthetic-bad,Java,function,nILnAGY,7,0.85
synthetic-bad,JavaScript,class,oi5433o,7,0.9
synthetic-bad,JavaScript,class,aii03si,7,0.9
synthetic-bad,JavaScript,variable,YBsIGiFp,8,0.85
synthetic-bad,Java,class,RMIErlEsTEIqiUjH,16,1
synthetic-bad,C#,variable,s4401ia,7,0.75
synthetic-bad,C#,class,os510sa,7,1
synthetic-bad,C#,class,e00asio,7,0.9
synthetic-bad,JavaScript,variable,iooosa3a,8,0.75
synthetic-bad,Python,class,QuroLSmzEdPa,12,1
synthetic-bad,Python,class,hUVxTno,7,1
synthetic-bad,JavaScript,class,bDxdibBSraYsr,13,1
synthetic-bad,JavaScript,variable,oee141o,7,0.75
synthetic-bad,Java,function,fwLAsTON,8,0.85
synthetic-bad,Java,function,xaJZlzOmBodejzb,15,0.75
synthetic-bad,JavaScript,variable,WEdVEDiB,8,0.85
synthetic-bad,JavaScript,variable,smYpeIN,7,1
synthetic-bad,Java,function,URfUVotSn,9,0.75
synthetic-bad,Python,variable,TEwJAnLoETTiB,13,1
synthetic-bad,C#,variable,LWkCuaW,7,1
synthetic-bad,JavaScript,function,isa5533,7,0.75
synthetic-bad,Python,variable,DJcaiNyL,8,0.85
synthetic-bad,Java,function,pAmlutPNrOtIge,14,0.85
synthetic-bad,C#,class,LfIDlMOuwTomOsz,15,1
synthetic-bad,JavaScript,class,isaa4ae,7,0.9
synthetic-bad,Java,function,ii545ao,7,0.75
synthetic-bad,Python,class,BUnQTaIR,8,1
synthetic-bad,JavaScript,function,VOfvDaiSOo,10,0.85
synthetic-bad,C#,function,aaa035o,7,0.75
synthetic-bad,Java,variable,trZPIAuPg,9,0.85
synthetic-bad,Java,variable,UZfOrxth,8,0.85
synthetic-bad,JavaScript,class,xzmAbutPr,9,1
synthetic-bad,C#,function,KlWNEgIaLdy,11,0.85
synthetic-bad,Java,function,sxsonED,7,0.85
synthetic-bad,Java,function,o1301ai,7,0.85
synthetic-bad,C#,function,UDEOYwT,7,0.85
synthetic-bad,C#,function,PrAjADMuNNAAzw,14,0.75
synthetic-bad,C#,class,qHENpMaO,8,1
synthetic-bad,Python,function,yFoOBsd,7,0.85
synthetic-bad,Python,function,s1450aes,8,0.85
synthetic-bad,JavaScript,class,rfAZzwiD,8,1
synthetic-bad,C#,function,SOyyeBOXui,10,0.75
synthetic-bad,Python,variable,ROlpJWE,7,1
synthetic-bad,JavaScript,function,oo10004,7,0.8
synthetic-bad,Python,class,QHroDIUtwiXxK,13,1
synthetic-bad,JavaScript,class,aaio35e,7,0.9
synthetic-bad,Python,variable,eaaCpOtFjY,10,0.75
synthetic-bad,C#,class,rIOnjVk,7,1
synthetic-bad,Java,variable,uRuRuCGS,8,0.9
synthetic-bad,Python,variable,dberMeR,7,0.85
synthetic-bad,Python,class,iai033o,7,0.9
synthetic-bad,Java,function,dAYOTFsK,8,0.85
synthetic-bad,Java,variable,e000sia,7,0.75
synthetic-bad,Java,variable,IeeHkErRixEyHfW,15,0.75
synthetic-bad,Java,function,phUDAeV,7,0.85
synthetic-bad,Python,function,bUmiaMZ,7,0.85
synthetic-bad,Java,function,AIRPIlvS,8,0.85
synthetic-bad,C#,variable,NYiRZAi,7,0.85
synthetic-bad,JavaScript,variable,ZAsrdSA,7,1
synthetic-bad,Java,class,e10335i,7,0.9
synthetic-bad,Java,class,EKaPacwEJ,9,1
synthetic-bad,Python,class,BERLtES,7,1
synthetic-bad,Python,class,o344aias,8,0.9
synthetic-bad,Java,class,ssssi4aa,8,0.8
synthetic-bad,JavaScript,function,CbuSeETL,8,1
synthetic-bad,C#,function,rFIchIS,7,1
synthetic-bad,Python,function,AofDIvQ,7,0.85
synthetic-bad,JavaScript,class,osses53o,8,0.9
synthetic-bad,JavaScript,function,gcMIRiOVvT,10,0.85
synthetic-bad,Java,function,ztefThFOaVEShh,14,0.75
synthetic-bad,JavaScript,variable,o1osieo,7,0.85
synthetic-bad,C#,variable,ostsovpyxEE,11,0.65
synthetic-bad,Python,variable,TzgEYvaLhRANMy,14,0.85
synthetic-bad,Python,class,uEYEnhN,7,1
synthetic-bad,C#,variable,DinGyhUoY,9,1
synthetic-bad,Python,variable,QkHNeVEJvieZoU,14,0.85
synthetic-bad,Java,variable,iosa414a,8,0.85
synthetic-bad,C#,class,riRNimAbmB,10,1
synthetic-bad,Java,variable,MDGonOUnrp,10,0.85
synthetic-bad,JavaScript,function,ai0aass,7,0.9
synthetic-bad,JavaScript,variable,OEasCqt,7,0.85
synthetic-bad,Java,variable,KTumEWzQk,9,1
synthetic-bad,Java,variable,tsTEPgMEqFw,11,1
synthetic-bad,Java,class,FAIcIZwm,8,1
synthetic-bad,C#,class,HXiBdeRx,8,1
synthetic-bad,Python,variable,eprNoOrtRk,10,1
synthetic-bad,Python,class,zEsOSvCL,8,1
synthetic-bad,C#,function,AAkUPcOvRw,10,0.85
synthetic-bad,Java,class,e50oasi,7,1
synthetic-bad,Java,class,jpeWekaItHL,11,1
synthetic-bad,C#,variable,saaeo3s,7,0.75
synthetic-bad,JavaScript,class,BrYKIwAX,8,1
synthetic-bad,Java,class,io3isoa,7,1
synthetic-bad,Python,class,EfxeavaR,8,0.9
synthetic-bad,JavaScript,variable,TsMumAwCbt,10,0.85
synthetic-bad,Python,variable,aa553103,8,0.65
synthetic-bad,C#,function,ozSCwAI,7,1
synthetic-bad,JavaScript,class,sae310ia,8,1
synthetic-bad,JavaScript,function,POInWSAshU,10,0.85
synthetic-bad,Python,class,mWCuDCTRIcGd,12,1
synthetic-bad,JavaScript,class,AvmMeaGnWi,10,1
synthetic-bad,Java,class,e40410e,7,0.9
synthetic-bad,Python,variable,BzqSIsIlPLZ,11,1
synthetic-bad,Java,class,es30osa,7,1
synthetic-bad,C#,function,AyEYDXbERtRer,13,0.85
synthetic-bad,Java,variable,hFUpLuBq,8,0.85
synthetic-bad,C#,variable,ErEaHizak,9,0.85
synthetic-bad,C#,function,PMCiaeU,7,0.85
synthetic-bad,JavaScript,variable,ELsVeLWO,8,1
synthetic-bad,Python,variable,rsIiehi,7,0.85
synthetic-bad,Python,variable,aa013as,7,0.75
synthetic-bad,Java,function,ia3osoa,7,0.85
synthetic-bad,C#,function,iIsVadyASOCOjb,14,0.85
synthetic-bad,JavaScript,variable,loVabGZX,8,0.85
synthetic-bad,Python,class,esos45oe,8,1
synthetic-bad,Java,function,PzuIeVL,7,1
synthetic-bad,Java,variable,iSBASyf,7,0.85
synthetic-bad,C#,class,siai5so,7,1
synthetic-bad,JavaScript,function,VtZeAjQ,7,1
synthetic-bad,JavaScript,class,ai4004ee,8,0.8
synthetic-bad,Python,class,iARYRWAVfkS,11,1
synthetic-bad,C#,function,runPChoOVJurM,13,1
synthetic-bad,Java,variable,xrsaBveRLQaph,13,0.85
synthetic-bad,Python,variable,vCiopcYRIv,10,0.85
synthetic-bad,Python,variable,RRTaNoMbIckL,12,0.9
synthetic-bad,JavaScript,class,eaise5o,7,1
synthetic-bad,JavaScript,function,yESIgUQz,8,0.85
synthetic-bad,Java,function,e01aoess,8,0.75
synthetic-bad,Python,class,oPEGbZd,7,1
synthetic-bad,Python,class,io00133e,8,0.9
synthetic-bad,JavaScript,class,ee53031,7,0.9
synthetic-bad,C#,class,i50110o,7,0.9
synthetic-bad,Java,class,ei3500s,7,0.9
synthetic-bad,Java,variable,HUedSpIUSfH,11,0.9
synthetic-bad,C#,class,oaaoi1s,7,0.9
synthetic-bad,Java,class,qzuiXPaCl,9,1
synthetic-bad,Java,function,QEYzhOL,7,0.85
synthetic-bad,JavaScript,variable,aa353oe,7,0.75
synthetic-bad,Python,function,KEhOenbO,8,0.85
synthetic-bad,JavaScript,class,bgDiFoHLi,9,1
synthetic-bad,JavaScript,class,ia034os,7,1
synthetic-bad,Python,class,OAdIoiLNW,9,1
synthetic-bad,JavaScript,function,oe50ooao,8,0.75
synthetic-bad,Java,function,se0055a,7,0.75
synthetic-bad,Python,variable,PVaRTzURj,9,1
synthetic-bad,Python,variable,oe01133e,8,0.75
synthetic-bad,JavaScript,class,zZeTSwaByZGii,13,0.9
synthetic-bad,C#,class,FTshEQApE,9,1
synthetic-bad,JavaScript,class,e05ooai,7,0.9
synthetic-bad,JavaScript,class,mECbunGgM,9,1
synthetic-bad,JavaScript,class,mhONSehus,9,1
synthetic-bad,Python,variable,ai44aes,7,0.75
synthetic-bad,Java,function,hYjoHegrW,9,0.85
synthetic-bad,Python,class,svsAELuXJl,10,1
synthetic-bad,Python,variable,aRBePOg,7,0.85
synthetic-bad,Java,variable,jEEADkL,7,0.75
synthetic-bad,Java,variable,se4343a,7,0.85
synthetic-bad,C#,function,zecdsuKIy,9,0.85
synthetic-bad,JavaScript,variable,ZLAhNiCL,8,1
synthetic-bad,Java,function,zucuINm,7,0.85
synthetic-bad,JavaScript,variable,eqlCODyyCogri,13,0.75
synthetic-bad,C#,variable,EprRicuCazJ,11,1
synthetic-bad,Python,function,XKzUgXPAndG,11,0.85
synthetic-bad,C#,variable,uleCircEBs,10,1
synthetic-bad,JavaScript,function,vepTvBioU,9,1
synthetic-bad,C#,variable,uWisEnSroRJMCeqK,16,1
synthetic-bad,JavaScript,class,vavTBRArVvC,11,1
synthetic-bad,C#,variable,lIBeuOy,7,1
synthetic-bad,JavaScript,function,UQDoRVIi,8,0.85
synthetic-bad,C#,variable,eiss1si,7,0.75
synthetic-bad,Python,variable,i50341oa,8,0.85
synthetic-bad,Java,function,MbXgeaPNLGUsTbOb,16,1
synthetic-bad,JavaScript,class,tUpEEYPyy,9,0.8
synthetic-bad,C#,function,a41iees,7,0.75
synthetic-bad,JavaScript,class,idDIgxk,7,1
synthetic-bad,C#,function,VXWawiDt,8,0.85
synthetic-bad,JavaScript,function,aaieoi3s,8,0.75
synthetic-bad,JavaScript,variable,lPwezJRKISmatEV,15,1
synthetic-bad,JavaScript,variable,jfbrEtfiEdJF,12,0.85
synthetic-bad,JavaScript,class,es40oaai,8,0.9
synthetic-bad,Python,variable,sCSIXZo,7,0.85
synthetic-bad,Python,variable,os105si,7,0.85
synthetic-bad,Python,function,soii5ai,7,0.75
synthetic-bad,Java,variable,AnhaAkDwUP,10,1
synthetic-bad,Python,variable,QejhfILItxMD,12,1
synthetic-bad,C#,variable,SMaIQPI,7,1
synthetic-bad,Python,variable,acAANWc,7,0.75
synthetic-bad,JavaScript,class,NiCwjdi,7,1
synthetic-bad,Java,function,cYtROKbluMczv,13,0.85
synthetic-bad,JavaScript,variable,eaiaae3s,8,0.9
synthetic-bad,Python,class,ease0oa,7,1
synthetic-bad,JavaScript,function,EzclaFU,7,0.85
synthetic-bad,JavaScript,class,qSZooTsZ,8,0.9
synthetic-bad,C#,variable,antguhjOsO,10,0.9
synthetic-bad,Python,function,xMaiEobttP,10,0.75
synthetic-bad,Java,variable,refysYU,7,0.85
synthetic-bad,C#,class,EWGbaWAF,8,1
synthetic-bad,JavaScript,variable,mNUdIIC,7,0.75
synthetic-bad,Python,class,sas0353e,8,1
synthetic-bad,Java,class,pAPUBLOITqW,11,0.9
synthetic-bad,Java,class,gWIfwTi,7,1
synthetic-bad,Python,function,ruKMIda,7,0.85
synthetic-bad,Python,function,PiTtaRd,7,0.85
synthetic-bad,Python,class,ZLlmavuT,8,1
synthetic-bad,Python,function,TfoPhOboFw,10,0.85
synthetic-bad,Python,class,jHSuciy,7,1
synthetic-bad,Java,variable,kEYrWhODgCa,11,0.85
synthetic-bad,JavaScript,variable,LXbUoUE,7,1
synthetic-bad,C#,class,gMuipTIcgOcSLav,15,1
synthetic-bad,JavaScript,function,DmZIJIsALo,10,0.85
synthetic-bad,JavaScript,class,ae3isoo,7,0.9
synthetic-bad,Python,variable,hjUGOsJ,7,0.85
synthetic-bad,Python,variable,tBEuOhmLPErI,12,0.85
synthetic-bad,JavaScript,class,cbAswHDoKn,10,1
synthetic-bad,JavaScript,class,s1403eo,7,1
synthetic-bad,Java,variable,iaoe01io,8,0.85
synthetic-bad,Java,class,MUtQfBunDn,10,1
synthetic-bad,JavaScript,variable,PeOnSOb,7,0.85
synthetic-bad,JavaScript,variable,eZlIAAOk,8,0.75
synthetic-bad,Java,variable,WOkdcelD,8,0.85
synthetic-bad,Java,variable,dFEAWbEdUutsGEe,15,0.85
synthetic-bad,Java,variable,LsAIMMEX,8,0.75
synthetic-bad,C#,variable,cCuhOgH,7,0.85
synthetic-bad,Java,variable,tJRnaeVj,8,0.85
synthetic-bad,C#,variable,see5aio,7,0.75
synthetic-bad,C#,variable,is4assoi,8,0.75
synthetic-bad,JavaScript,variable,TaLWoqE,7,0.85
synthetic-bad,JavaScript,function,NfHLoIcH,8,0.9
synthetic-bad,JavaScript,function,cLoDiDYsEYjS,12,0.85
synthetic-bad,C#,function,LifFVEtJj,9,0.85
synthetic-bad,Java,variable,pabVyWedGaOd,12,1
synthetic-bad,Java,variable,SORLymiYiKS,11,0.85
synthetic-bad,C#,function,qJOJGINr,8,1
synthetic-bad,Python,class,NOYIRHpaEhNInI,14,1
synthetic-bad,JavaScript,variable,reuADIAb,8,0.85
synthetic-bad,JavaScript,function,iRIDAoya,8,0.85
synthetic-bad,JavaScript,class,OveFDPh,7,1
synthetic-bad,Java,function,SOfpijS,7,0.75
synthetic-bad,Java,variable,RhNzobo,7,0.85
synthetic-bad,Python,variable,DyoCvUq,7,1
synthetic-bad,C#,function,ss53eeoe,8,0.65
synthetic-bad,JavaScript,variable,aVrMrEl,7,0.85
synthetic-bad,C#,function,SjoePxaQUakyEa,14,0.85
synthetic-bad,Java,variable,VCHOYlAB,8,0.85
synthetic-bad,C#,class,ae0isoss,8,0.9
synthetic-bad,JavaScript,function,QXoKiPde,8,0.85
synthetic-bad,Java,variable,tOFbmeyzrB,10,0.75
synthetic-bad,Java,variable,nOoTlpX,7,0.85
synthetic-bad,C#,function,LOtVUZeiru,10,0.85
synthetic-bad,JavaScript,class,bagIPAleAXzePX,14,1
synthetic-bad,Java,function,e13soiio,8,0.75
synthetic-bad,Python,variable,so343is,7,0.85
synthetic-bad,Python,variable,HYaOpVacyF,10,1
synthetic-bad,Java,class,hZWEeMf,7,1
synthetic-bad,Python,variable,oaee03i,7,0.75
synthetic-bad,JavaScript,function,os11oes,7,0.75
synthetic-bad,C#,class,OCNKawUtroanfE,14,0.9
synthetic-bad,Java,class,VmRotaQAfMA,11,1
synthetic-bad,Java,variable,AdNhelLUqBDu,12,1
synthetic-bad,C#,variable,see1ooo,7,0.65
synthetic-bad,Java,class,fssOCXuc,8,0.9
synthetic-bad,Java,function,HUSoyROB,8,0.85
synthetic-bad,Java,variable,KiuSirLuEFEQ,12,0.85
synthetic-bad,Java,function,NcDapcE,7,0.85
synthetic-bad,C#,function,YIHiWLesH,9,0.85
synthetic-bad,Java,function,tRuiHnolJ,9,0.85
synthetic-bad,Java,function,WIVeRrAklJH,11,0.85
synthetic-bad,Python,function,SGreSYrAdn,10,0.75
synthetic-bad,C#,function,yFnFEIITeXd,11,0.75
synthetic-bad,Python,function,VXuLrIdXw,9,0.85
synthetic-bad,C#,class,ijDgoINkEDaAb,13,1
synthetic-bad,Python,variable,ios115i,7,0.9
synthetic-bad,JavaScript,class,LOGFbya,7,1
synthetic-bad,Python,class,s115soe,7,0.9
synthetic-bad,C#,function,EdJotehXX,9,0.75
synthetic-bad,Java,class,EMcSPapT,8,1
synthetic-bad,Python,variable,foVaytJohY,10,0.85
synthetic-bad,Python,function,oBoCeTG,7,0.85
synthetic-bad,Java,function,oiLFViCest,10,0.85
synthetic-bad,Python,function,fACEofbK,8,0.85
synthetic-bad,C#,class,UiALxXs,7,1
synthetic-bad,Python,class,osoio0a,7,1
synthetic-bad,Python,variable,UthsLiVcfH,10,0.85
synthetic-bad,C#,function,mrasSBaHk,9,0.85
synthetic-bad,Python,class,s5154oe,7,1
synthetic-bad,JavaScript,class,EnDSmijo,8,1
synthetic-bad,C#,variable,io31iei,7,1
synthetic-bad,C#,variable,EmMOjwtG,8,0.85
synthetic-bad,Java,class,tnpZAWBa,8,1
synthetic-bad,Python,function,BXeTiRG,7,0.85
synthetic-bad,Python,function,uzfMbeNlYXE,11,0.85
synthetic-bad,JavaScript,function,SRUlMAw,7,1
synthetic-bad,JavaScript,function,i45501i,7,0.65
synthetic-bad,Python,class,jyPIVOSOfavR,12,1
synthetic-bad,C#,class,CEcgbFaSON,10,1
synthetic-bad,JavaScript,class,eose13o,7,1
synthetic-bad,Java,variable,TUdEzDuE,8,1
synthetic-bad,Java,variable,focKfOnT,8,0.85
synthetic-bad,Python,variable,aei1ass,7,0.75
synthetic-bad,C#,variable,CTKsOaiLnOI,11,0.85
synthetic-bad,C#,class,KyOONjQ,7,0.9
synthetic-bad,JavaScript,class,FLeEdJXL,8,1
synthetic-bad,Python,function,shXIEFV,7,0.85
synthetic-bad,C#,class,eao013e,7,1
synthetic-bad,C#,class,ZaHeaXpG,8,1
synthetic-bad,Java,variable,aRmMefswixgLj,13,0.75
synthetic-bad,C#,variable,UStRKoRJ,8,0.85
synthetic-bad,Python,class,tHkcUWvuN,9,1
synthetic-bad,Python,function,DsOcOTn,7,1
synthetic-bad,JavaScript,function,TeoMwMy,7,0.85
synthetic-bad,Java,class,e54030e,7,0.9
synthetic-bad,Python,function,wXCOSAvUC,9,0.85
synthetic-bad,C#,function,lwHisCJDiv,10,0.85
synthetic-bad,Python,variable,ai00011,7,0.75
synthetic-bad,C#,variable,sea3054s,8,1
synthetic-bad,JavaScript,variable,JortIelKNavVfr,14,1
synthetic-bad,C#,variable,BMnkula,7,1
synthetic-bad,JavaScript,class,GUzcebRt,8,1
synthetic-bad,Java,variable,nUnkUlQ,7,0.85
synthetic-bad,Java,class,GwdIVamlsAJaNil,15,1
synthetic-bad,Python,function,UFkzElhawnIAD,13,0.85
synthetic-bad,Python,variable,niftMAaRnfoD,12,1
synthetic-bad,Python,variable,PhoRqAzmR,9,0.85
synthetic-bad,JavaScript,class,sieeoo0i,8,0.9
synthetic-bad,Java,variable,ePVDoppCoWW,11,0.65
synthetic-bad,JavaScript,variable,ieo31eos,8,0.85
synthetic-bad,Java,class,ZDPdEEV,7,0.9
synthetic-bad,JavaScript,variable,eoi51se,7,1
synthetic-bad,Python,variable,jEGVeNd,7,0.85
synthetic-bad,C#,variable,lMurrII,7,0.8
synthetic-bad,Java,function,e545eoa,7,0.85
synthetic-bad,Python,class,yjRPOur,7,1
synthetic-bad,C#,function,eDkIHTGabeO,11,0.85
synthetic-bad,Python,function,tIFmNAP,7,0.85
synthetic-bad,JavaScript,function,AtPTCoR,7,0.85
synthetic-bad,JavaScript,variable,iUkangWz,8,0.85
synthetic-bad,Python,class,TOrEARx,7,1
synthetic-bad,Python,function,PunBNBaCh,9,1
synthetic-bad,Python,function,jHEaXyg,7,0.85
synthetic-bad,Python,variable,ioes30i,7,1
synthetic-bad,C#,variable,hFaDroQuVs,10,0.85
synthetic-bad,Python,class,OlawpaZwP,9,1
synthetic-bad,Python,variable,FGtaCFtLIr,10,1
synthetic-bad,Java,function,puMlkignfEeJ,12,0.75
synthetic-bad,Java,class,aaeei51o,8,0.9
synthetic-bad,JavaScript,class,oe454431,8,0.9
synthetic-bad,Python,function,EFugUdeuaFyZ,12,0.85
synthetic-bad,Java,class,OAcEoYQ,7,1
synthetic-bad,Java,class,VTAHMUp,7,1
synthetic-bad,JavaScript,class,NdUBESIKsCEt,12,1
synthetic-bad,Python,class,AAnxooAUTnh,11,0.9
synthetic-bad,C#,function,rEePSMAz,8,1
synthetic-bad,C#,class,assis54i,8,0.9
synthetic-bad,C#,variable,FRugdug,7,1
synthetic-bad,Java,class,YHhiYOw,7,0.9
synthetic-bad,Python,variable,MiusiRyCU,9,0.85
synthetic-bad,Python,variable,sosis4a,7,1
synthetic-bad,JavaScript,function,ciGGsHEzIw,10,0.85
synthetic-bad,Python,variable,LgIUljt,7,1
synthetic-bad,Java,class,zCLaPAvi,8,1
synthetic-bad,Java,variable,TTmLAqa,7,1
synthetic-bad,Java,class,rTAirci,7,1
synthetic-bad,Python,class,KkSMozO,7,1
synthetic-bad,C#,function,isi51ie,7,0.85
synthetic-bad,Java,variable,BbsUSPa,7,1
synthetic-bad,C#,function,NnabojnR,8,0.75
synthetic-bad,JavaScript,variable,runPUiOd,8,0.85
synthetic-bad,JavaScript,class,yDpdAri,7,1
synthetic-bad,JavaScript,class,pAOwUmALaon,11,0.9
synthetic-bad,C#,function,owNaXEFP,8,0.85
synthetic-bad,Python,function,JJUckePdL,9,0.75
synthetic-bad,Java,variable,o54544oa,8,0.75
synthetic-bad,Python,function,qPoOLNOjneRSYy,14,1
synthetic-bad,Python,class,iUngEEzbacSr,12,1
synthetic-bad,JavaScript,variable,QeDaWpLV,8,0.85
synthetic-bad,Python,variable,BUPTafHo,8,1
synthetic-bad,Java,class,i4eaees,7,0.9
synthetic-bad,Java,variable,VItaZwBQ,8,1
synthetic-bad,Python,class,spasoDVe,8,1
synthetic-bad,JavaScript,class,xBFeUSm,7,1
synthetic-bad,Java,variable,rlEYPmOjTgE,11,0.85
synthetic-bad,C#,variable,xYodBlbU,8,0.85
synthetic-bad,JavaScript,variable,BeSAhMp,7,0.85
synthetic-bad,C#,function,fboJfbBiN,9,0.85
synthetic-bad,Python,function,CSQIntNYeDCA,12,0.85
synthetic-bad,Java,function,HDiguBR,7,0.85
synthetic-bad,Java,variable,nyAPEvIp,8,0.85
synthetic-bad,Python,variable,wScOEBSBIlt,11,0.85
synthetic-bad,JavaScript,variable,tnIhBitv,8,0.85
synthetic-bad,C#,function,OpdETpfD,8,0.85
synthetic-bad,JavaScript,variable,dXiCxApTOb,10,0.85
synthetic-bad,Python,variable,so111ao,7,0.75
synthetic-bad,JavaScript,variable,FceBfnimInL,11,0.85
synthetic-bad,JavaScript,function,ArEnHKAwt,9,0.85
synthetic-bad,Python,class,aii043i,7,0.9
synthetic-bad,Python,class,si5isoa,7,1
synthetic-bad,C#,variable,fTratyaNOCOpiWTA,16,0.85
synthetic-bad,Python,variable,fvgeypA,7,1
synthetic-bad,Java,class,LRooWsDC,8,0.9
synthetic-bad,JavaScript,class,uIKiCExAZZh,11,1
synthetic-bad,Java,class,ridXVai,7,1
synthetic-bad,JavaScript,class,HRAmOche,8,1
synthetic-bad,C#,class,taDPbur,7,1
synthetic-bad,JavaScript,class,YtOUhCadm,9,1
synthetic-bad,Python,variable,azoMBYauYd,10,0.85
synthetic-bad,C#,variable,qwnsooohpSEorKrj,16,0.65
synthetic-bad,Python,function,oo114sia,8,0.8
synthetic-bad,Python,function,ese345i,7,0.85
synthetic-bad,Python,variable,oo415434,8,0.75
synthetic-bad,C#,class,osi531e,7,1
synthetic-bad,C#,class,OarKoGaKi,9,1
synthetic-bad,Python,class,oioe31i,7,1
synthetic-bad,Python,function,yZsugRaTk,9,0.85
synthetic-bad,Python,variable,AHEPEAcpLo,10,1
synthetic-bad,Java,variable,nuREKOYEvtP,11,0.85
synthetic-bad,Python,class,isa5ios,7,1
synthetic-bad,Java,function,szyNutE,7,1
synthetic-bad,JavaScript,variable,BaMOgTRaTcXX,12,0.9
synthetic-bad,C#,function,lepaJTCheMAsBIQb,16,0.85
synthetic-bad,Java,variable,ooEndkACUYN,11,0.75
synthetic-bad,C#,variable,hmDEaXLpiCDuU,13,0.85
synthetic-bad,C#,class,sSkifbWcATw,11,1
synthetic-bad,Java,function,ByosWpIEva,10,0.85
synthetic-bad,C#,function,ostSpamzD,9,0.85
synthetic-bad,Python,class,ZovltdedC,9,0.9
synthetic-bad,Python,variable,uofAnIK,7,0.85
synthetic-bad,Python,variable,vXoPbES,7,0.85
synthetic-bad,Python,class,bOqiShs,7,1
synthetic-bad,JavaScript,function,tWIJaCje,8,0.85
synthetic-bad,Python,function,LEGLUaLpHo,10,0.85
synthetic-bad,JavaScript,class,ohViSQzm,8,1
synthetic-bad,JavaScript,variable,EaNRqTeX,8,1
synthetic-bad,Java,function,AFlDOEP,7,0.85
synthetic-bad,Python,variable,fDGecdUETROLuXW,15,0.85
synthetic-bad,Python,function,mSeloUNtLuN,11,1
synthetic-bad,JavaScript,function,nlHHaiu,7,0.85
synthetic-bad,Python,function,tbIemDD,7,0.75
synthetic-bad,Java,function,o50isaa,7,0.75
synthetic-bad,Python,variable,tUaNloq,7,0.85
synthetic-bad,JavaScript,class,KAIogfSuNipfQ,13,1
synthetic-bad,JavaScript,variable,vcUTDiSnI,9,0.85
synthetic-bad,C#,variable,VWDAhCIbX,9,1
synthetic-bad,Python,function,FvORbeRnY,9,1
synthetic-bad,C#,variable,iGRROrtDy,9,0.75
synthetic-bad,Java,variable,CpZekDa,7,0.85
synthetic-bad,Java,class,aao430ia,8,0.9
synthetic-bad,Java,class,LCriweOdI,9,1
synthetic-bad,JavaScript,function,nzbnabAAHiE,11,0.75
synthetic-bad,JavaScript,function,UpckboTObGdK,12,0.85
synthetic-bad,Python,function,as4501o,7,0.85
synthetic-bad,Python,variable,e41344o,7,0.75
synthetic-bad,Python,function,nugWuvASKssiTk,14,0.9
synthetic-bad,JavaScript,class,TBvilkIdM,9,1
synthetic-bad,C#,variable,ii015is,7,0.75
synthetic-bad,Python,function,ii11450i,8,0.65
synthetic-bad,C#,class,iqYbipF,7,1
synthetic-bad,Java,function,fUYOuBULOa,10,0.85
synthetic-bad,JavaScript,class,ihGOaMeiij,10,0.9
synthetic-bad,C#,variable,iio30ia,7,0.75
synthetic-bad,JavaScript,function,eaPUQaRIS,9,0.85
synthetic-bad,JavaScript,class,VlaopOAtsc,10,1
synthetic-bad,Python,class,UbuOStALJUfearH,15,1
synthetic-bad,Java,variable,ie45513i,8,0.75
synthetic-bad,JavaScript,function,KTkFixBrOcnea,13,0.85
synthetic-bad,JavaScript,function,easo50s,7,0.85
synthetic-bad,Java,variable,iBsdOLUPhlM,11,0.85
synthetic-bad,Java,class,aLUeyBji,8,1
synthetic-bad,JavaScript,class,SkooLQMoMaSaF,13,0.9
synthetic-bad,JavaScript,function,gLRfEApP,8,0.85
synthetic-bad,Python,variable,saEGzUCINTW,11,0.85
synthetic-bad,JavaScript,class,OElJMiCb,8,1
synthetic-bad,C#,class,XYOUBnT,7,1
synthetic-bad,Java,variable,lBuzeNn,7,1
synthetic-bad,Python,variable,cqKVIlfatcS,11,0.85
synthetic-bad,C#,variable,o0ieosi,7,0.85
synthetic-bad,Python,function,aYJElXmJ,8,0.85
synthetic-bad,Java,function,DVsBaiLyOk,10,1
